/advanced-technology /
/advertising /about/advertising
/airduct-cleaning /services/cleaning-services/specialized-cleaning/airduct-cleaning
/apply_online /careers
/awards-recognition /about/history
/awards-recognition-archive /about/history
/biohazard-cleaning /services/cleaning-services/specialized-cleaning/biohazard-cleaning
/biohazard-tips /resources/specialty-cleaning/biohazard-emergency-tips
/black-mold /resources/mold-remediation/black-mold
/blog/commercial-restoration/covid19-cleaning-what-consumers-think /services/cleaning-services/specialized-cleaning/covid-cleaning
/blog/commercial-restoration/office-cleaning-covid-19 /resources/specialty-cleaning/office-cleaning-covid-19
/blog/commercial-restoration/reopen-your-business-cleaned /services/cleaning-services/specialized-cleaning/covid-cleaning
/blog/commercial-restoration/what-exactly-is-deep-cleaning /resources/specialty-cleaning/coronavirus
/blog/commercial-restoration/your-business-coronavirus-and-osha /resources/specialty-cleaning/coronavirus
/blog/water-damage/understanding-basement-flooding /resources/water-damage/understanding-basement-flooding
/carpet-upholstery-cleaning /services/cleaning-services/general-cleaning/carpet-upholstery-cleaning
/ceilings-walls /services/cleaning-services/general-cleaning/ceilings-walls
/certified-servpro-cleaned /services/cleaning-services/specialized-cleaning/covid-cleaning
/certified-servpro-cleaned-program-battles-covid-19 /services/cleaning-services/specialized-cleaning/covid-cleaning
/cleaning-services /resources/general-cleaning/residential-cleaning-services
/commercial-cleaning /services/commercial-services/services/general-cleaning
/commercial-fire-damage /services/commercial-services/services/fire-damage
/commercial-mold-removal /services/commercial-services/services/mold-remediation
/commercial-restoration-cleaning /services/commercial-services
/commercial-restoration-services /services/commercial-services
/commercial-storm-cleanup /services/commercial-services/services/storm
/commercial-water-damage /services/commercial-services/services/water-damage
/contact-servpro /about/contact
/contact/preferredvendorapplication /about/preferred-vendor-program
/contact/requestfranchiseinfo /franchise-ownership
/continuing-education /about/insurance-professionals
/corporate-overview /about/history
/damage-inspection-assessment /resources/water-damage/damage-inspection-assessment
/disaster-recovery /services/commercial-services/large-loss
/document-restoration-services /services/cleaning-services/specialized-cleaning/document-restoration
/drapes-blinds-cleaning /services/cleaning-services/general-cleaning/drapes-blinds-cleaning
/drying-water-extraction /resources/water-damage/drying-water-extraction
/education-case-study /services/commercial-services/industry-specialization/education
/education-facilities /services/commercial-services/industry-specialization/education
/emergency-restoration /resources/why-servpro/emergency-restoration
/executive-team /about/leadership
/faqs_online_application /careers
/fdd/login /about/fdd/login
/fdd/CorporateFDD /about/fdd/corporatefdd
/fire-cleanup /resources/fire-damage/fire-cleanup
/fire-damage-tips /resources/fire-damage/fire-cleanup
/fire-repair-process /resources/fire-damage/fire-repair-process
/fire-smoke-damage-restoration /services/fire-damage
/flooded-basement /resources/water-damage/flooded-basement-services
/fnol /help
/food-services-case-study /services/commercial-services/industry-specialization/foodservice
/food-services-facilities /services/commercial-services/industry-specialization/foodservice
/franchise-advantages /franchise-ownership
/franchise-advantages/ /franchise-ownership
/franchise-information /franchise-ownership
/healthcare-case-study /services/commercial-services/industry-specialization/healthcare
/healthcare-facilities /services/commercial-services/industry-specialization/healthcare
/hospitality-case-study /services/commercial-services/industry-specialization/hospitality
/hospitality-facilities /services/commercial-services/industry-specialization/hospitality
/how-to-disinfect-your-cell-phone /resources/general-cleaning/how-to-disinfect-your-cell-phone
/how-to-properly-clean-a-cloth-face-mask /
/hurricane-dorian /services/storm-services
/hurricane-florence /services/storm-services
/hurricane-harvey /services/storm-services
/hurricane-irma /services/storm-services
/hurricane-isaias /services/storm-services
/hurricane-laura /services/storm-services
/hurricane-matthew /services/storm-services
/hurricane-michael /services/storm-services
/hurricane-nate /services/storm-services
/ingredients-disclosure-data-safety /legal/ingredients-safety-data
/insurance-clients /about/insurance-professionals
/jeff-fields /about/leadership/jeff-fields
/john-sooker /about/leadership/john-sooker
/life_at_servpro /careers/corporate
/matt-preston /about/leadership/matt-preston
/mmfas2020 /
/mold-cleanup /resources/mold-remediation/mold-cleanup
/mold-damage-tips /resources/mold-remediation/mold-damage-tips
/mold-remediation /services/mold-remediation
/mold-removal /resources/mold-remediation/mold-removal
/mold-removal-process /resources/mold-remediation/mold-removal
/national-accounts /about/insurance-professionals
/odor-removal-deodorization /services/cleaning-services/specialized-cleaning/odor-removal
/our_business /careers/corporate-opportunities
/our_mission /careers/corporate-opportunities
/performance-guidelines /about/insurance-professionals
/preferred-vendor-program /about/preferred-vendor
/privacy /legal/privacy
/property-management-case-study /services/commercial-services/industry-specialization/property-management
/property-management-facilities /services/commercial-services/industry-specialization/property-management
/requestcscinfo /
/residential-restoration-cleaning /resources/why-servpro/residential-restoration-cleaning
/retail-facilities /services/commercial-services/industry-specialization/retail
/retail-facilities-case-study /services/commercial-services/industry-specialization/retail
/rick-forster /about/leadership/rick-forster 
/rick-isaacson /about/leadership/rick-isaacson
/search/locator /locations
/servpro-blog /resources 
/servpro-story /about/history
/servproxide-faqs /store/products/servproxide
/servproxide-product /store/products/servproxide
/sewage-cleanup /resources/water-damage/sewage-cleanup-services
/sitemap /about/sitemap
/specialized-commercial-cleaning /services/cleaning-services/specialized-cleaning/covid-cleaning
/storm-cleanup /resources/storm-damage/storm-cleanup
/storm-flooding-restoration /services/storm-services
/storm-flooding-restoration/ /services/storm-services
/success-stories /franchise-ownership
/tarp-roof /services/construction/roof-tarp
/terms /about/legal/terms
/training /about/insurance-professionals
/trauma-crime-scene-cleanup /resources/specialty-cleaning/trauma-crime-scene-cleanup
/tropical-storm-barry /services/storm-services
/us/fl /locations/fl
/us/oh /locations/oh
/vandalism-graffiti-cleanup /services/cleaning-services/specialized-cleaning/vandalism-graffiti-cleanup
/water-cleanup /resources/water-damage/water-cleanup
/water-damage-cleanup /resources/water-damage/water-damage-cleanup
/water-damage-repair /resources/water-damage/water-damage-repair
/water-damage-restoration /services/water-damage
/water-damage-tips /resources/water-damage/water-damage-emergency-tips
/water-removal-extraction /resources/water-damage/water-removal-extraction
/water-repair-process /resources/water-damage/water-repair-process
/water-restoration /resources/water-damage/water-restoration
/why_choose_servpro /careers/corporate
/why-servpro /about/insurance-professionals
/why-servpro-cleaned /services/cleaning-services/specialized-cleaning/covid-cleaning
/winter-storm-cleanup /resources/storm-damage/winter-storm-cleanup
/071228 /about/news-press-releases
/080211 /about/news-press-releases
/080214 /about/news-press-releases
/080905 /about/news-press-releases
/090420 /about/news-press-releases
/090511 /about/news-press-releases
/090606 /about/news-press-releases
/090826 /about/news-press-releases
/090921 /about/news-press-releases
/091016 /about/news-press-releases
/091102 /about/news-press-releases
/091110 /about/news-press-releases
/091201 /about/news-press-releases
/100119 /about/news-press-releases
/100121 /about/news-press-releases
/100318 /about/news-press-releases
/100507 /about/news-press-releases
/100601 /about/news-press-releases
/100701 /about/news-press-releases
/100901 /about/news-press-releases
/110826 /about/news-press-releases
/120111 /about/news-press-releases
/120217 /about/news-press-releases
/120218 /about/news-press-releases
/120627 /about/news-press-releases
/120824 /about/news-press-releases
/121026 /about/news-press-releases
/121030 /about/news-press-releases
/121115 /about/news-press-releases
/130215 /about/news-press-releases
/130320 /about/news-press-releases
/130403 /about/news-press-releases
/130418 /about/news-press-releases
/140124 /about/news-press-releases
/140218 /about/news-press-releases
/140501 /about/news-press-releases
/140519 /about/news-press-releases
/140828 /about/news-press-releases
/140916 /about/news-press-releases
/141002 /about/news-press-releases
/141205 /about/news-press-releases
/141211 /about/news-press-releases
/150120 /about/news-press-releases
/150225 /about/news-press-releases
/150327 /about/news-press-releases
/150622 /about/news-press-releases
/150805 /about/news-press-releases
/150901 /about/news-press-releases
/151023 /about/news-press-releases
/151216 /about/news-press-releases
/160119 /about/news-press-releases
/160419 /about/news-press-releases
/160527 /about/news-press-releases
/160620 /about/news-press-releases
/160622 /about/news-press-releases
/160818 /about/news-press-releases
/161005 /about/news-press-releases
/161011 /news-press-releases/161011
/161018 /news-press-releases/161018
/161205 /news-press-releases/161205
/161220 /news-press-releases/161220
/170331 /news-press-releases/170331
/170712 /news-press-releases/170712
/170830 /news-press-releases/170830
/171208 /news-press-releases/171208
/180813 /news-press-releases/180813
/181112 /news-press-releases/181112
/190326 /news-press-releases/190326
/190410 /news-press-releases/190410
/190618 /news-press-releases/190618
/190623 /news-press-releases/190623
/190827 /news-press-releases/190827
/190828-hurricane-dorian /news-press-releases/190828-hurricane-dorian
/191112 /news-press-releases/191112
/191210 /news-press-releases/191210
/200109 /news-press-releases/200109
/200110 /news-press-releases/200110
/news-press-releases /about/news-press-releases
/200518-certified-clean /news-press-releases/200518-certified-clean
/201110-hirevets /news-press-releases/201110-hirevets
/201207-servproxide /news-press-releases/201207-servproxide
/210218-servpro-top-10 /news-press-releases/210218-servpro-top-10
/210623-firefighter-appreciation /news-press-releases/210623-firefighter-appreciation
/albanyschenectady-restoration /locations/ny/albanyschenectady-restoration
/albuquerquesantafe-restoration /locations/nm/albuquerquesantafe-restoration
/atlanta-restoration /locations/ga/atlanta-restoration
/austin-restoration /locations/tx/austin-restoration
/baltimore-restoration /locations/md/baltimore-restoration
/birmingham-restoration /locations/al/birmingham-restoration
/boise-restoration /locations/id/boise-restoration
/boston-restoration /locations/md/boston-restoration
/buffalo-restoration /locations/ny/buffalo-restoration
/charlotte-restoration /locations/nc/charlotte-restoration
/chicago-restoration /locations/il/chicago-restoration
/cincinnati-restoration /locations/oh/cincinnati-restoration
/cleveland-akron-canton-restoration /locations/oh/cleveland-akron-canton-restoration
/coloradospringspueblo-restoration /locations/co/coloradospringspueblo-restoration
/columbus-restoration /locations/oh/columbus-restoration
/dallas-fort-worth-restoration /locations/tx/dallas-fort-worth-restoration
/dayton-restoration /locations/oh/dayton-restoration
/denver-restoration /locations/co/denver-restoration
/desmoinesames-restoration /locations/ia/desmoinesames-restoration
/detroit-restoration /locations/mi/detroit-restoration
/elpaso-restoration /locations/tx/elpaso-restoration
/flintsaginawbaycity-restoration /locations/mi/flintsaginawbaycity-restoration
/fortmyersnaples-restoration /locations/fl/fortmyersnaples-restoration
/fresnovisalia-restoration /locations/ca/fresnovisalia-restoration
/grandrapidskalamazoobattlecreek-restoration /locations/mi/grandrapidskalamazoobattlecreek-restoration
/greenbayappleton-restoration /locations/wi/greenbayappleton-restoration
/greensborowinstonsalem-restoration /locations/nc/greensborowinstonsalem-restoration
/greenville-restoration /locations/sc/greenville-restoration
/harrisburglancaster-restoration /locations/pa/harrisburglancaster-restoration
/hartfordnewhaven-restoration /locations/ct/hartfordnewhaven-restoration
/honolulu-restoration /locations/hi/honolulu-restoration
/houston-restoration /locations/tx/houston-restoration
/huntsvilledecatur-restoration /locations/al/huntsvilledecatur-restoration
/indianapolis-restoration /locations/in/indianapolis-restoration
/jacksonville-restoration /locations/fl/jacksonville-restoration
/kansascity-restoration /locations/mo/kansascity-restoration
/knoxville-restoration /locations/tn/knoxville-restoration
/lansing-restoration /locations/mi/lansing-restoration
/lasvegas-restoration /locations/nv/lasvegas-restoration
/losangeles-restoration /locations/ca/losangeles-restoration
/louisville-restoration /locations/ky/louisville-restoration
/madison-restoration /locations/wi/madison-restoration
/memphis-restoration /locations/tn/memphis-restoration
/mesa-restoration /locations/az/mesa-restoration
/miami-restoration /locations/fl/miami-restoration
/milwaukee-restoration /locations/wi/milwaukee-restoration
/minneapolis-restoration /locations/mn/minneapolis-restoration
/nashville-restoration /locations/tn/nashville-restoration
/neworleans-restoration /locations/la/neworleans-restoration
/norfolkportsmouthnewportnews-restoration /locations/va/norfolkportsmouthnewportnews-restoration
/nyc-restoration /locations/ny/nyc-restoration
/oklahomacity-restoration /locations/ok/oklahomacity-restoration
/omaha-restoration /locations/ne/omaha-restoration
/orlando-restoration /locations/fl/orlando-restoration
/peoriabloomington-restoration /locations/il/peoriabloomington-restoration
/philadelphia-restoration /locations/pa/philadelphia-restoration
/phoenix-restoration /locations/az/phoenix-restoration
/pittsburgh-restoration /locations/pa/pittsburgh-restoration
/portland-restoration /locations/or/portland-restoration
/providencenewbedford-restoration /locations/ri/providencenewbedford-restoration
/raleigh-durham-restoration /locations/nc/raleigh-durham-restoration
/richmondpetersburg-restoration /locations/va/richmondpetersburg-restoration
/rochester-restoration /locations/ny/rochester-restoration
/sacramentostocktonmodesto-restoration /locations/ca/sacramentostocktonmodesto-restoration
/saltlakecity-restoration /locations/nv/saltlakecity-restoration
/sanantonio-restoration /locations/tx/sanantonio-restoration
/sandiego-restoration /locations/ca/sandiego-restoration
/sanfranciscooakland-restoration /locations/ca/sanfranciscooakland-restoration
/sanjose-restoration /locations/ca/sanjose-restoration
/seattle-water-damage-restoration /locations/wa/seattle-restoration
/spokane-restoration /locations/wa/spokane-restoration
/stlouis-restoration /locations/mo/stlouis-restoration
/stpaul-restoration /locations/mn/stpaul-restoration
/syracuse-restoration /locations/ny/syracuse-restoration
/tacoma-restoration /locations/wa/tacoma-restoration
/tampa-restoration /locations/fl/tampa-restoration
/tucson-restoration /locations/az/tucson-restoration
/tulsa-restoration /locations/ok/tulsa-restoration
/washingtondchagerstown-restoration /locations/dc/washingtondchagerstown-restoration
/westpalmbeachfortpierce-restoration /locations/fl/westpalmbeachfortpierce-restoration
/downtown-orlando-restoration /locations/fl/downtown-orlando-restoration
/orlando-water-damage-restoration /locations/fl/orlando-water-damage-restoration
/miami-water-damage-restoration /locations/fl/miami-water-damage-restoration
/cincinnati-water-damage-restoration /locations/oh/cincinnati-water-damage-restoration
/cleveland-water-damage-restoration /locations/oh/cleveland-water-damage-restoration
/columbus-water-damage-restoration /locations/oh/columbus-water-damage-restoration
/tampa-water-damage-restoration /locations/fl/tampa-water-damage-restoration
/coronavirus /resources/specialty-cleaning/coronavirus
/sitemap.xml /sitemap-index.xml 
https://www.servpro.com/fdd https://fdd.servpro.com 301
/blog/post/229673/blog/Is-your-phone-making-you-sick?-How-to-di /resources/general-cleaning/how-to-disinfect-your-cell-phone
/blog/post/229648/blog/COVID-19-Cleaning-Study-Reveals-What-Con /resources/why-servpro/coronavirus-reopening
/locations/or/servpro-of-douglas-county-permanently-closed /locations/or/servpro-of-douglas-county 301!
/careers/corporate /careers/headquarters 301!
/locations/fl/downtown-orlando-restoration /locations/fl/orlando-restoration 301!